Volatility,Cost
0.0,0.9785320731181487
0.01,1.1096091681571418
0.02,1.862253929775279
0.03,2.242322656895125
0.04,3.332852718676122
0.05,3.41929473684211
